Model,Total Comments,Mean Comment word count,ext_mean,ext_std,opn_mean,opn_std,neu_mean,neu_std,agr_mean,agr_std,con_mean,con_std,score_mean,score_std,Median comments word count,Max comments word count,Min comments word count,Std comments word count,Max word count per post,Min word count per post,Mean word count per post
reddit_OC.csv,11672,155.57230980123373,0.49071980740618576,0.07914162251105952,0.4254888829205791,0.06141680744822146,0.511994405526645,0.07974046270870486,0.3086499586698081,0.06614312961773011,0.3150995710891878,0.05668296697803283,0.5912790433976183,0.299482128589306,141.0,299.0,100.0,48.726692343102044,3037.0,100.0,371.7936117936118
claude-sonnet-4-0_temp_0.0.csv,9340,165.4312526812527,0.4907100111580698,0.08601492219261953,0.4620595073063806,2.1918382090499002,0.5177204094204204,0.08783141557696318,0.32922876282959784,0.07038157291473343,0.339723796728043,0.06278712972526648,0.534940879150043,0.28204851491967053,164.0,297.0,100.0,26.061526169844285,2872.0,0.0,440.96083476272156
claude-sonnet-4-0_temp_0.7.csv,8813,165.9548394417338,0.4905009818360377,0.08615754040212824,0.440277508811188,0.06584172639689873,0.5179172705665495,0.08857612167685161,0.3305642187721547,0.07114825755520872,0.340931235297515,0.06318787519853801,0.5315972705893566,0.2822606920967852,165.0,292.0,100.0,26.29912782990938,2799.0,118.0,423.6848203939745
gpt4.1-instruct_temp-0.0.csv,8315,127.47564642212868,0.4852903679190496,0.09293920525291414,0.444327015848435,0.06972348534703293,0.49329404188996306,0.09274998007063746,0.3544232687401996,0.07713259160831706,0.34229522146285596,0.07035908752803538,0.6014308423359425,0.25627451973355136,121.0,289.0,100.0,23.39910554473266,1530.0,100.0,268.7525354969574
gpt4.1-instruct_temp-0.7.csv,15525,129.6579165374152,111853.11661637302,13927786.089698337,0.454080904255466,1.3721786137703125,0.4976266760504386,0.09201602485938579,0.374521150681179,2.121197855420696,0.3422264177860414,0.0677137539864392,0.5889554497680944,0.26001074078522574,124.0,290.0,0.267809749,25.360289067635133,1650.0,0.0,280.2085779197219
gpt4.1Mini-instruct_temp-0.0.csv,7155,125.2947191483401,0.4810918255285714,0.09337167816063517,0.4799754342739496,2.2560791427018234,0.4830825411102395,0.09473163823961431,0.37641204787058824,0.07701745775499474,0.3648320856473389,0.0724611129363384,0.5799897675107158,0.2598542751841423,116.0,289.0,100.0,24.922232394823567,1331.0,0.0,242.99891333876664
gpt4.1Mini-instruct_temp-0.7.csv,7407,126.26981336218556,0.5131179718428668,2.821774409045573,0.4535004199751149,0.06911419493622224,0.48367226949749836,0.09513905866297964,0.37736497262447594,0.078999358796967,0.36625692220989997,0.07340762094198079,0.5816941070223155,0.2572391233356477,117.0,284.0,100.0,26.112821429959045,2018.0,0.0,249.76966292134833
llama-3-3-70b-instruct_temp-0.0.csv,15386,161.94274015338618,0.4911396411800338,0.08730746536407968,0.4767325408795658,0.07129047668357495,0.4491850060757182,0.08877863806818476,0.4171074504678279,0.08723468140681577,0.4009580636204991,0.08356440076173276,0.5554950185809826,0.24204719873524866,157.0,300.0,100.0,38.286938618452695,1826.0,100.0,1219.6040137053353
llama-3-3-70b-instruct_temp-0.7.csv,15234,158.86405408953655,0.4912655963189576,0.08719723324551633,0.4772942638353682,0.07193231709476502,0.44794831532860707,0.0891380252445992,0.41971171615872394,0.09001695231947003,0.40562355263699623,0.08697032366324138,0.5489492297920441,0.242345718351809,152.0,300.0,100.0,38.75757863856734,1829.0,100.0,1189.2555282555284
mixtral-8x22B-instruct-v0.1_temp-0.0.csv,8271,75.90194656027083,0.4939231220712127,0.09136872941570016,0.4747264546630396,0.07199433343973914,0.44150085116999155,0.09584742436826225,0.39556342936912103,0.08176007956114677,0.3796278409851288,0.07785893910505225,0.6390925788775238,0.2508124452452033,70.0,290.0,50.0,22.830704093715507,1536.0,50.0,340.63212154096584
mixtral-8x22B-instruct-v0.1_temp-0.7.csv,8082,75.35523385300668,0.4980662451880723,0.08786905236997901,0.4843810904686959,0.07111389658061747,0.425476837928978,0.09573488283521664,0.4159152293932195,0.08412000911529464,0.39861301290051965,0.0814653574307442,0.6294047035024746,0.2509973248967636,70.0,219.0,50.0,21.99712866596094,1604.0,50.0,334.4431630971993
Qwen2.5-72B-Instruct_temp-0.0.csv,8015,138.23393636930754,0.48602582732863375,0.09615998153795348,0.4722241468343107,0.07489866272368727,0.4759879388172177,0.10156116790945877,0.40093408099937616,0.0814804876741699,0.3765235105297567,0.07651460162789415,0.599610194035184,0.26436991240679986,133.0,300.0,100.0,29.88359491401127,1717.0,100.0,655.9769094138544
Qwen2.5-72B-Instruct_temp-0.7.csv,8904,139.44620395327942,0.4850720824998877,0.09587601068697377,0.4764117272523584,0.07527840580005501,0.47522705180166214,0.10042388282490111,0.40471820714521567,0.0813648928690762,0.380287081560647,0.07749649815041798,0.6118063499833784,0.26235137061050895,134.0,299.0,100.0,29.835353033844243,1744.0,100.0,769.7637941723497
